url,title,price,currency,availability,description,images,sku,category,brand,rating,review_count
https://example-store.com/product/1,"Wireless Headphones Pro",149.99,USD,In Stock,"Premium wireless headphones with active noise cancellation and 30-hour battery life",https://example-store.com/images/headphones-pro.jpg,WH-PRO-001,Electronics,SoundMax,4.5,1234
https://example-store.com/product/2,"Smart Watch Series 5",299.00,USD,In Stock,"Latest smartwatch with health monitoring, GPS, and cellular connectivity",https://example-store.com/images/smartwatch-5.jpg,SW-5-002,Wearables,TechWear,4.7,892
https://example-store.com/product/3,"USB-C Hub 7-in-1",49.99,USD,In Stock,"Multi-port adapter with HDMI, USB-A, USB-C, SD card reader, and Ethernet",https://example-store.com/images/usb-hub.jpg,USB-HUB-7,Accessories,ConnectPro,4.3,567
https://example-store.com/product/4,"Mechanical Keyboard RGB",129.99,USD,Out of Stock,"RGB mechanical keyboard with hot-swappable switches and PBT keycaps",https://example-store.com/images/kb-rgb.jpg,MK-RGB-003,Electronics,KeyMaster,4.6,2103
https://example-store.com/product/5,"Portable SSD 2TB",189.99,USD,In Stock,"High-speed portable SSD with USB 3.2 Gen 2x2 and hardware encryption",https://example-store.com/images/ssd-2tb.jpg,SSD-2TB-004,Storage,DataVault,4.8,1456
https://example-store.com/product/6,"4K Webcam Pro",89.99,USD,In Stock,"Ultra HD webcam with auto-focus, noise-canceling mic, and privacy cover",https://example-store.com/images/webcam-4k.jpg,WC-4K-005,Electronics,StreamLine,4.4,789
https://example-store.com/product/7,"Wireless Charger Stand",34.99,USD,In Stock,"Fast wireless charging stand with adjustable angle and LED indicator",https://example-store.com/images/charger-stand.jpg,WC-STAND-006,Accessories,PowerPlus,4.2,342
https://example-store.com/product/8,"Gaming Mouse Wireless",79.99,USD,In Stock,"Lightweight wireless gaming mouse with 25K DPI sensor and 70-hour battery",https://example-store.com/images/gaming-mouse.jpg,GM-WL-007,Electronics,GameGear,4.7,1876
https://example-store.com/product/9,"Laptop Stand Aluminum",44.99,USD,In Stock,"Ergonomic aluminum laptop stand with adjustable height and cable management",https://example-store.com/images/laptop-stand.jpg,LS-ALU-008,Accessories,ErgoTech,4.5,923
https://example-store.com/product/10,"Bluetooth Speaker Mini",59.99,USD,Out of Stock,"Compact waterproof Bluetooth speaker with 12-hour playtime and deep bass",https://example-store.com/images/speaker-mini.jpg,BT-SPK-009,Audio,SoundWave,4.3,654
https://example-store.com/product/11,"Monitor Arm Dual",119.99,USD,In Stock,"Dual monitor arm with gas spring, full motion, and VESA mounting",https://example-store.com/images/monitor-arm.jpg,MA-DUAL-010,Accessories,ViewFlex,4.6,412
https://example-store.com/product/12,"Webcam Cover Privacy",9.99,USD,In Stock,"Magnetic privacy cover for webcam, ultra-thin and compatible with all laptops",https://example-store.com/images/webcam-cover.jpg,WC-PRIV-011,Accessories,SecureCam,4.8,2341
https://example-store.com/product/13,"Cable Organizer Set",19.99,USD,In Stock,"Magnetic cable organizer clips and ties for desk management",https://example-store.com/images/cable-org.jpg,CO-SET-012,Accessories,NeatDesk,4.4,567
https://example-store.com/product/14,"RGB Mouse Pad XL",29.99,USD,In Stock,"Extended RGB mouse pad with 14 lighting modes and non-slip rubber base",https://example-store.com/images/mousepad-rgb.jpg,MP-RGB-013,Accessories,GameGear,4.5,890
https://example-store.com/product/15,"HDMI Cable 2.1 3m",24.99,USD,In Stock,"Ultra High Speed HDMI 2.1 cable supporting 8K@60Hz and 4K@120Hz",https://example-store.com/images/hdmi-21.jpg,HDMI-21-014,Cables,ConnectPro,4.7,1123